[
   {
      "engimonAktif":{
         "skills":[
            {
               "skillName":"Waterball",
               "skillMastery":1,
               "compatibleElements":[
                  "FIRE"
               ],
               "skillPower":20
            },
            {
               "skillName":"Waterball",
               "skillMastery":1,
               "compatibleElements":[
                  "FIRE"
               ],
               "skillPower":20
            }
         ],
         "species":"Firemon",
         "level":1,
         "elements":[
            "WIND",
            "EARTH"
         ],
         "name":"Engi",
         "experience":1,
         "message":"I'm an Engimon",
         "cumulativeExperience":0,
         "life":3,
         "parents":[
            
         ]
      }
   },
   {
      "inventoryEngimon":[
         {
            "skills":[
               {
                  "skillName":"Waterball",
                  "skillMastery":1,
                  "compatibleElements":[
                     "FIRE"
                  ],
                  "skillPower":20
               },
               {
                  "skillName":"Waterball",
                  "skillMastery":1,
                  "compatibleElements":[
                     "FIRE"
                  ],
                  "skillPower":20
               }
            ],
            "species":"Firemon",
            "level":1,
            "elements":[
               "WIND",
               "EARTH"
            ],
            "name":"Engi",
            "experience":1,
            "message":"I'm an Engimon",
            "cumulativeExperience":0,
            "life":3,
            "parents":[
               
            ]
         },
         {
            "skills":[
               
            ],
            "species":"Icemon",
            "level":1,
            "elements":[
               "WIND",
               "FIRE"
            ],
            "name":"Engi2",
            "experience":1,
            "message":"I'm an Engimon",
            "cumulativeExperience":0,
            "life":3,
            "parents":[
               
            ]
         }
      ]
   },
   {
      "inventorySkillItem":[
         {
            "amount":2,
            "skill":{
               "skillName":"BASIC",
               "skillMastery":1,
               "compatibleElements":[
                  "WIND",
                  "EARTH",
                  "FIRE",
                  "WATER"
               ],
               "skillPower":1
            }
         },
         {
            "amount":1,
            "skill":{
               "skillName":"BASIC2",
               "skillMastery":2,
               "compatibleElements":[
                  "EARTH",
                  "WATER"
               ],
               "skillPower":1
            }
         },
         {
            "amount":1,
            "skill":{
               "skillName":"BASIC3",
               "skillMastery":2,
               "compatibleElements":[
                  "WIND",
                  "EARTH"
               ],
               "skillPower":1
            }
         },
         {
            "amount":1,
            "skill":{
               "skillName":"BASIC4",
               "skillMastery":2,
               "compatibleElements":[
                  "WATER"
               ],
               "skillPower":1
            }
         },
         {
            "amount":4,
            "skill":{
               "skillName":"UNIQUE",
               "skillMastery":1,
               "compatibleElements":[
                  "WATER",
                  "WIND",
                  "FIRE"
               ],
               "skillPower":1
            }
         },
         {
            "amount":6,
            "skill":{
               "skillName":"SPECIAL",
               "skillMastery":2,
               "compatibleElements":[
                  "EARTH",
                  "WATER",
                  "WIND",
                  "FIRE"
               ],
               "skillPower":2
            }
         }
      ]
   },
   {
      "playerName":"Ash"
   }
]